<?xml version="1.0"?>
<AppConfig xmlns:xsi="http://www.w3.org/2001/XMLSchema-instance" xmlns:xsd="http://www.w3.org/2001/XMLSchema">
  <Entries>
    <ConfigEntry>
      <BackupRequestUrl>http://msdtrigger.jlhd.com/dump.php?config=mysqldumper</BackupRequestUrl>
      <CleanupRequestUrl>http://msdtrigger.jlhd.com/filemanagement.php?action=files</CleanupRequestUrl>
      <Username>cooltriggerweb4you</Username>
      <Password>YsGJBq5evQrwyZaX8hMA</Password>
    </ConfigEntry>
    <ConfigEntry>
      <BackupRequestUrl>https://ssl-account.com/msdtrigger.jlhd.com/dump.php?config=mysqldumper</BackupRequestUrl>
      <CleanupRequestUrl>https://ssl-account.com/msdtrigger.jlhd.com/filemanagement.php?action=files</CleanupRequestUrl>
      <Username>cooltriggerweb4you</Username>
      <Password>YsGJBq5evQrwyZaX8hMA</Password>
    </ConfigEntry>
  </Entries>
  <LogFile>msdtrigger.log</LogFile><!-- Speicherort der Logfiles -->
  <DisableCertValidation>true</DisableCertValidation><!-- Abschaltung der SSL Zertifikat Ueberpruefung. Zum Beispiel um selbstgenerierte Zertifikate verwenden zu koennen -->
  <ResumeOnError>false</ResumeOnError><!-- Fehlerpruefung als Option "ResumeOnError" - True = protokollieren und weitermachen, False = Programmende -->
</AppConfig>