<?xml version="1.0"?>
<AppConfig xmlns:xsi="http://www.w3.org/2001/XMLSchema-instance" xmlns:xsd="http://www.w3.org/2001/XMLSchema">
  <Entries>
    <ConfigEntry><!-- Beginn des jeweiligen Jobs - Alle Jobs werden nacheinander angearbeitet -->
      <BackupRequestUrl>https://example.com/dump.php?config=mysqldumper</BackupRequestUrl><!-- Aufruf mit http oder https - Beides ist moeglich -->
      <CleanupRequestUrl>https://example.com/filemanagement.php?action=files</CleanupRequestUrl><!-- Aufruf mit http oder https - Beides ist moeglich -->
      <Username>Benutzer-1</Username>
      <Password>Passwort-1</Password>
    </ConfigEntry><!-- Ende des jeweiligen Jobs - Alle Jobs werden nacheinander angearbeitet -->
    <ConfigEntry><!-- Beginn des jeweiligen Jobs - Alle Jobs werden nacheinander angearbeitet -->
      <BackupRequestUrl>http://example.com/dump.php?config=mysqldumper</BackupRequestUrl><!-- Aufruf mit http oder https - Beides ist moeglich -->
      <CleanupRequestUrl>http://example.com/filemanagement.php?action=files</CleanupRequestUrl><!-- Aufruf mit http oder https - Beides ist moeglich -->
      <Username>Benutzer-1</Username>
      <Password>Passwort-1</Password>
    </ConfigEntry><!-- Ende des jeweiligen Jobs - Alle Jobs werden nacheinander angearbeitet -->
  </Entries>
  <LogFile>msdtrigger.log</LogFile><!-- Speicherort der Logfiles -->
  <DisableCertValidation>true</DisableCertValidation><!-- Abschaltung der SSL Zertifikat Ueberpruefung. Zum Beispiel um selbstgenerierte Zertifikate verwenden zu koennen -->
  <ResumeOnError>false</ResumeOnError><!-- Fehlerpruefung als Option "ResumeOnError" - True = protokollieren und weitermachen, False = Programmende -->
</AppConfig>